 id,year,month,minStar,maxStar,medianStar,averageStar
1,5,2022,1.0,5.0,3.8260869565217392,0.0
5,2,2021,1.0,5.0,3.130434782608696,0.0
9,6,2022,0.0,5.0,3.8095238095238093,0.0
13,8,2021,1.0,5.0,3.4,0.0
17,12,2022,0.0,4.0,3.0,0.0
21,11,2022,0.0,5.0,3.7777777777777777,0.0
25,1,2021,1.0,5.0,3.176470588235294,0.0
