 id,year,month,minStar,maxStar,medianStar,averageStar
2,10,2021,1.0,5.0,3.608695652173913,0.0
6,2,2022,1.0,5.0,3.5,0.0
10,9,2022,0.0,5.0,3.761904761904762,0.0
14,8,2022,1.0,5.0,3.8666666666666667,0.0
18,12,2021,1.0,5.0,3.764705882352941,0.0
22,6,2021,1.0,5.0,3.8333333333333335,0.0
