 id,year,month,minStar,maxStar,medianStar,averageStar
4,3,2021,0.0,5.0,3.6923076923076925,0.0
8,10,2022,0.0,5.0,4.181818181818182,0.0
12,4,2021,1.0,5.0,3.5294117647058822,0.0
16,7,2021,1.0,5.0,3.1666666666666665,0.0
20,4,2022,0.0,5.0,3.5714285714285716,0.0
24,11,2021,1.0,5.0,3.8,0.0
