 id,year,month,minStar,maxStar,medianStar,averageStar
3,1,2022,2.0,5.0,3.888888888888889,0.0
7,9,2021,0.0,5.0,4.125,0.0
11,3,2022,1.0,5.0,3.3636363636363638,0.0
15,7,2022,2.0,5.0,3.6,0.0
19,12,2020,4.0,5.0,4.333333333333333,0.0
23,5,2021,0.0,5.0,3.6470588235294117,0.0
